Workbook
Name __xlnm._FilterDatabase: #REF!
Name __xlnm._FilterDatabase_1: #REF!
Name __xlnm._FilterDatabase_10: #REF!
Name __xlnm._FilterDatabase_11: #REF!
Name __xlnm._FilterDatabase_12: #REF!
Name __xlnm._FilterDatabase_13: #REF!
Name __xlnm._FilterDatabase_14: [1]SheetName!#REF!
Name __xlnm._FilterDatabase_2: #REF!
Name __xlnm._FilterDatabase_3: #REF!
Name __xlnm._FilterDatabase_4: #REF!
Name __xlnm._FilterDatabase_5: #REF!
Name __xlnm._FilterDatabase_6: #REF!
Name __xlnm._FilterDatabase_7: #REF!
Name __xlnm._FilterDatabase_8: #REF!
Name __xlnm._FilterDatabase_9: #REF!
Name _SS1: #N/A
Name _SS1_1: #N/A
Name _SS1_10: #N/A
Name _SS1_11: #N/A
Name _SS1_12: #N/A
Name _SS1_13: #N/A
Name _SS1_14: #N/A
Name _SS1_2: #N/A
Name _SS1_3: #N/A
Name _SS1_4: #N/A
Name _SS1_5: #N/A
Name _SS1_6: #N/A
Name _SS1_7: #N/A
Name _SS1_8: #N/A
Name _SS1_9: #N/A
Name abc: #N/A
Name Area3A: #N/A
Name Area3A_1: #N/A
Name Area3A_10: #N/A
Name Area3A_11: #N/A
Name Area3A_12: #N/A
Name Area3A_13: #N/A
Name Area3A_14: #N/A
Name Area3A_2: #N/A
Name Area3A_3: #N/A
Name Area3A_4: #N/A
Name Area3A_5: #N/A
Name Area3A_6: #N/A
Name Area3A_7: #N/A
Name Area3A_8: #N/A
Name Area3A_9: #N/A
Name Area3P: #N/A
Name Area3P_1: #N/A
Name Area3P_10: #N/A
Name Area3P_11: #N/A
Name Area3P_12: #N/A
Name Area3P_13: #N/A
Name Area3P_14: #N/A
Name Area3P_2: #N/A
Name Area3P_3: #N/A
Name Area3P_4: #N/A
Name Area3P_5: #N/A
Name Area3P_6: #N/A
Name Area3P_7: #N/A
Name Area3P_8: #N/A

Sheet Summary
A2: Requirements Ambiguity Dashboard
C3: Defect Status | G3: Total | K3: Defects by Quality Attributes
C4: Open | D4: Pending | E4: Closed | F4: Rejected | K4: Clarity | L4: Completeness | M4: Consistency | N4: Testability
C5: =COUNTIF('Ambiguity Defects'!$I$3:$I$200,Summary!C4) -> 11 | D5: =COUNTIF('Ambiguity Defects'!$I$3:$I$200,Summary!D4) -> 0 | E5: =COUNTIF('Ambiguity Defects'!$I$3:$I$200,Summary!E4) -> 2 | F5: =COUNTIF('Ambiguity Defects'!$I$3:$I$200,Summary!F4) -> 0 | G5: =IF(ISERROR(SUM(C5:F5)),"",SUM(C5:F5)) -> 13 | K5: =COUNTIF('Ambiguity Defects'!$G$3:$G$200,Summary!K4) -> 5 | L5: =COUNTIF('Ambiguity Defects'!$G$3:$G$200,Summary!L4) -> 4 | M5: =COUNTIF('Ambiguity Defects'!$G$3:$G$200,Summary!M4) -> 1 | N5: =COUNTIF('Ambiguity Defects'!$G$3:$G$200,Summary!N4) -> 3
C27: Defect Severity | I27: Defects by Design Area
C28: Critical | D28: High | E28: Medium | F28: Low | I28: Business Logic | K28: Functional | L28: Validation Rules | M28: Non-Functional | N28: Dependency
C29: =COUNTIF('Ambiguity Defects'!$H$3:$H$200,Summary!C28) -> 1 | D29: =COUNTIF('Ambiguity Defects'!$H$3:$H$200,Summary!D28) -> 5 | E29: =COUNTIF('Ambiguity Defects'!$H$3:$H$200,Summary!E28) -> 5 | F29: =COUNTIF('Ambiguity Defects'!$H$3:$H$200,Summary!F28) -> 2 | I29: =COUNTIF('Ambiguity Defects'!$F$3:$F$200,Summary!I28) -> 3 | K29: =COUNTIF('Ambiguity Defects'!$F$3:$F$200,Summary!K28) -> 5 | L29: =COUNTIF('Ambiguity Defects'!$F$3:$F$200,Summary!L28) -> 3 | M29: =COUNTIF('Ambiguity Defects'!$F$3:$F$200,Summary!M28) -> 1 | N29: =COUNTIF('Ambiguity Defects'!$F$3:$F$200,Summary!N28) -> 1

Sheet RAI
B2: Requirement Ambiguity Index (RAI) | G2: =SUMPRODUCT(E5:E37,J5:J37)/COUNT(J5:J37) -> 0.34807692
A3: S.No | B3: Requirement ID | C3: Quality Attribute Weightage --> | F3: 0.3 | G3: 0.15 | H3: 0.3 | I3: 0.25 | J3: RAI | L3: Legend for RAI value: 0% to 10% : Green >10% to 30% : Yellow >30% to 50% : Orange >50% to 100% : Red
C4: Requirement Description | D4: Requirement Importance | E4: Importance | F4: Clarity | G4: Consistency | H4: Completeness | I4: Testability
A5: 1 | B5: 3.1 - Credit Card Criteria | D5: High | E5: =IF(D5="High",1,IF(D5="Medium",0.5,IF(D5="Trivial",0.3,))) -> 1 | F5: =IF(COUNTIFS('Ambiguity Defects'!$B$3:$B$200,RAI!$B5,'Ambiguity Defects'!$G$3:$G$200,RAI!F$4)=0,0,1) -> 1 | G5: =IF(COUNTIFS('Ambiguity Defects'!$B$3:$B$200,RAI!$B5,'Ambiguity Defects'!$G$3:$G$200,RAI!G$4)=0,0,1) -> 0 | H5: =IF(COUNTIFS('Ambiguity Defects'!$B$3:$B$200,RAI!$B5,'Ambiguity Defects'!$G$3:$G$200,RAI!H$4)=0,0,1) -> 0 | I5: =IF(COUNTIFS('Ambiguity Defects'!$B$3:$B$200,RAI!$B5,'Ambiguity Defects'!$G$3:$G$200,RAI!I$4)=0,0,1) -> 1 | J5: =SUMPRODUCT(F5:I5,$F$3:$I$3) -> 0.55
A6: 2 | B6: 3.1 - Credit Card Criteria | D6: High | E6: =IF(D6="High",1,IF(D6="Medium",0.5,IF(D6="Trivial",0.3,))) -> 1 | F6: =IF(COUNTIFS('Ambiguity Defects'!$B$3:$B$200,RAI!$B6,'Ambiguity Defects'!$G$3:$G$200,RAI!F$4)=0,0,1) -> 1 | G6: =IF(COUNTIFS('Ambiguity Defects'!$B$3:$B$200,RAI!$B6,'Ambiguity Defects'!$G$3:$G$200,RAI!G$4)=0,0,1) -> 0 | H6: =IF(COUNTIFS('Ambiguity Defects'!$B$3:$B$200,RAI!$B6,'Ambiguity Defects'!$G$3:$G$200,RAI!H$4)=0,0,1) -> 0 | I6: =IF(COUNTIFS('Ambiguity Defects'!$B$3:$B$200,RAI!$B6,'Ambiguity Defects'!$G$3:$G$200,RAI!I$4)=0,0,1) -> 1 | J6: =SUMPRODUCT(F6:I6,$F$3:$I$3) -> 0.55
A7: 3 | B7: 3.1 - Credit Card Criteria | D7: High | E7: =IF(D7="High",1,IF(D7="Medium",0.5,IF(D7="Trivial",0.3,))) -> 1 | F7: =IF(COUNTIFS('Ambiguity Defects'!$B$3:$B$200,RAI!$B7,'Ambiguity Defects'!$G$3:$G$200,RAI!F$4)=0,0,1) -> 1 | G7: =IF(COUNTIFS('Ambiguity Defects'!$B$3:$B$200,RAI!$B7,'Ambiguity Defects'!$G$3:$G$200,RAI!G$4)=0,0,1) -> 0 | H7: =IF(COUNTIFS('Ambiguity Defects'!$B$3:$B$200,RAI!$B7,'Ambiguity Defects'!$G$3:$G$200,RAI!H$4)=0,0,1) -> 0 | I7: =IF(COUNTIFS('Ambiguity Defects'!$B$3:$B$200,RAI!$B7,'Ambiguity Defects'!$G$3:$G$200,RAI!I$4)=0,0,1) -> 1 | J7: =SUMPRODUCT(F7:I7,$F$3:$I$3) -> 0.55
A8: 4 | B8: 3.6 - Certification | D8: Medium | E8: =IF(D8="High",1,IF(D8="Medium",0.5,IF(D8="Trivial",0.3,))) -> 0.5 | F8: =IF(COUNTIFS('Ambiguity Defects'!$B$3:$B$200,RAI!$B8,'Ambiguity Defects'!$G$3:$G$200,RAI!F$4)=0,0,1) -> 1 | G8: =IF(COUNTIFS('Ambiguity Defects'!$B$3:$B$200,RAI!$B8,'Ambiguity Defects'!$G$3:$G$200,RAI!G$4)=0,0,1) -> 0 | H8: =IF(COUNTIFS('Ambiguity Defects'!$B$3:$B$200,RAI!$B8,'Ambiguity Defects'!$G$3:$G$200,RAI!H$4)=0,0,1) -> 0 | I8: =IF(COUNTIFS('Ambiguity Defects'!$B$3:$B$200,RAI!$B8,'Ambiguity Defects'!$G$3:$G$200,RAI!I$4)=0,0,1) -> 0 | J8: =SUMPRODUCT(F8:I8,$F$3:$I$3) -> 0.3
A9: 5 | B9: 3.7 - Reporting | D9: Critical | E9: =IF(D9="High",1,IF(D9="Medium",0.5,IF(D9="Trivial",0.3,))) -> 0 | F9: =IF(COUNTIFS('Ambiguity Defects'!$B$3:$B$200,RAI!$B9,'Ambiguity Defects'!$G$3:$G$200,RAI!F$4)=0,0,1) -> 0 | G9: =IF(COUNTIFS('Ambiguity Defects'!$B$3:$B$200,RAI!$B9,'Ambiguity Defects'!$G$3:$G$200,RAI!G$4)=0,0,1) -> 0 | H9: =IF(COUNTIFS('Ambiguity Defects'!$B$3:$B$200,RAI!$B9,'Ambiguity Defects'!$G$3:$G$200,RAI!H$4)=0,0,1) -> 1 | I9: =IF(COUNTIFS('Ambiguity Defects'!$B$3:$B$200,RAI!$B9,'Ambiguity Defects'!$G$3:$G$200,RAI!I$4)=0,0,1) -> 0 | J9: =SUMPRODUCT(F9:I9,$F$3:$I$3) -> 0.3
A10: 6 | B10: 3.9 - Auth.net Migration to Payment Platform | D10: Medium | E10: =IF(D10="High",1,IF(D10="Medium",0.5,IF(D10="Trivial",0.3,))) -> 0.5 | F10: =IF(COUNTIFS('Ambiguity Defects'!$B$3:$B$200,RAI!$B10,'Ambiguity Defects'!$G$3:$G$200,RAI!F$4)=0,0,1) -> 1 | G10: =IF(COUNTIFS('Ambiguity Defects'!$B$3:$B$200,RAI!$B10,'Ambiguity Defects'!$G$3:$G$200,RAI!G$4)=0,0,1) -> 0 | H10: =IF(COUNTIFS('Ambiguity Defects'!$B$3:$B$200,RAI!$B10,'Ambiguity Defects'!$G$3:$G$200,RAI!H$4)=0,0,1) -> 1 | I10: =IF(COUNTIFS('Ambiguity Defects'!$B$3:$B$200,RAI!$B10,'Ambiguity Defects'!$G$3:$G$200,RAI!I$4)=0,0,1) -> 1 | J10: =SUMPRODUCT(F10:I10,$F$3:$I$3) -> 0.85
A11: 7 | B11: 3.3 - SPI Policy Admin Tool | D11: Medium | E11: =IF(D11="High",1,IF(D11="Medium",0.5,IF(D11="Trivial",0.3,))) -> 0.5 | F11: =IF(COUNTIFS('Ambiguity Defects'!$B$3:$B$200,RAI!$B11,'Ambiguity Defects'!$G$3:$G$200,RAI!F$4)=0,0,1) -> 0 | G11: =IF(COUNTIFS('Ambiguity Defects'!$B$3:$B$200,RAI!$B11,'Ambiguity Defects'!$G$3:$G$200,RAI!G$4)=0,0,1) -> 1 | H11: =IF(COUNTIFS('Ambiguity Defects'!$B$3:$B$200,RAI!$B11,'Ambiguity Defects'!$G$3:$G$200,RAI!H$4)=0,0,1) -> 0 | I11: =IF(COUNTIFS('Ambiguity Defects'!$B$3:$B$200,RAI!$B11,'Ambiguity Defects'!$G$3:$G$200,RAI!I$4)=0,0,1) -> 1 | J11: =SUMPRODUCT(F11:I11,$F$3:$I$3) -> 0.4
A12: 8 | B12: 3.3 - SPI Policy Admin Tool | D12: High | E12: =IF(D12="High",1,IF(D12="Medium",0.5,IF(D12="Trivial",0.3,))) -> 1 | F12: =IF(COUNTIFS('Ambiguity Defects'!$B$3:$B$200,RAI!$B12,'Ambiguity Defects'!$G$3:$G$200,RAI!F$4)=0,0,1) -> 0 | G12: =IF(COUNTIFS('Ambiguity Defects'!$B$3:$B$200,RAI!$B12,'Ambiguity Defects'!$G$3:$G$200,RAI!G$4)=0,0,1) -> 1 | H12: =IF(COUNTIFS('Ambiguity Defects'!$B$3:$B$200,RAI!$B12,'Ambiguity Defects'!$G$3:$G$200,RAI!H$4)=0,0,1) -> 0 | I12: =IF(COUNTIFS('Ambiguity Defects'!$B$3:$B$200,RAI!$B12,'Ambiguity Defects'!$G$3:$G$200,RAI!I$4)=0,0,1) -> 1 | J12: =SUMPRODUCT(F12:I12,$F$3:$I$3) -> 0.4
A13: 9 | B13: 3.9 - Auth.net Migration to Payment Platform | D13: High | E13: =IF(D13="High",1,IF(D13="Medium",0.5,IF(D13="Trivial",0.3,))) -> 1 | F13: =IF(COUNTIFS('Ambiguity Defects'!$B$3:$B$200,RAI!$B13,'Ambiguity Defects'!$G$3:$G$200,RAI!F$4)=0,0,1) -> 1 | G13: =IF(COUNTIFS('Ambiguity Defects'!$B$3:$B$200,RAI!$B13,'Ambiguity Defects'!$G$3:$G$200,RAI!G$4)=0,0,1) -> 0 | H13: =IF(COUNTIFS('Ambiguity Defects'!$B$3:$B$200,RAI!$B13,'Ambiguity Defects'!$G$3:$G$200,RAI!H$4)=0,0,1) -> 1 | I13: =IF(COUNTIFS('Ambiguity Defects'!$B$3:$B$200,RAI!$B13,'Ambiguity Defects'!$G$3:$G$200,RAI!I$4)=0,0,1) -> 1 | J13: =SUMPRODUCT(F13:I13,$F$3:$I$3) -> 0.85
A14: 10 | B14: 3.9 - Auth.net Migration to Payment Platform | D14: Medium | E14: =IF(D14="High",1,IF(D14="Medium",0.5,IF(D14="Trivial",0.3,))) -> 0.5 | F14: =IF(COUNTIFS('Ambiguity Defects'!$B$3:$B$200,RAI!$B14,'Ambiguity Defects'!$G$3:$G$200,RAI!F$4)=0,0,1) -> 1 | G14: =IF(COUNTIFS('Ambiguity Defects'!$B$3:$B$200,RAI!$B14,'Ambiguity Defects'!$G$3:$G$200,RAI!G$4)=0,0,1) -> 0 | H14: =IF(COUNTIFS('Ambiguity Defects'!$B$3:$B$200,RAI!$B14,'Ambiguity Defects'!$G$3:$G$200,RAI!H$4)=0,0,1) -> 1 | I14: =IF(COUNTIFS('Ambiguity Defects'!$B$3:$B$200,RAI!$B14,'Ambiguity Defects'!$G$3:$G$200,RAI!I$4)=0,0,1) -> 1 | J14: =SUMPRODUCT(F14:I14,$F$3:$I$3) -> 0.85
A15: 11 | B15: 3.9 - Auth.net Migration to Payment Platform | D15: Low | E15: =IF(D15="High",1,IF(D15="Medium",0.5,IF(D15="Trivial",0.3,))) -> 0 | F15: =IF(COUNTIFS('Ambiguity Defects'!$B$3:$B$200,RAI!$B15,'Ambiguity Defects'!$G$3:$G$200,RAI!F$4)=0,0,1) -> 1 | G15: =IF(COUNTIFS('Ambiguity Defects'!$B$3:$B$200,RAI!$B15,'Ambiguity Defects'!$G$3:$G$200,RAI!G$4)=0,0,1) -> 0 | H15: =IF(COUNTIFS('Ambiguity Defects'!$B$3:$B$200,RAI!$B15,'Ambiguity Defects'!$G$3:$G$200,RAI!H$4)=0,0,1) -> 1 | I15: =IF(COUNTIFS('Ambiguity Defects'!$B$3:$B$200,RAI!$B15,'Ambiguity Defects'!$G$3:$G$200,RAI!I$4)=0,0,1) -> 1 | J15: =SUMPRODUCT(F15:I15,$F$3:$I$3) -> 0.85
A16: 12 | B16: 3.9 - Auth.net Migration to Payment Platform | D16: Low | E16: =IF(D16="High",1,IF(D16="Medium",0.5,IF(D16="Trivial",0.3,))) -> 0 | F16: =IF(COUNTIFS('Ambiguity Defects'!$B$3:$B$200,RAI!$B16,'Ambiguity Defects'!$G$3:$G$200,RAI!F$4)=0,0,1) -> 1 | G16: =IF(COUNTIFS('Ambiguity Defects'!$B$3:$B$200,RAI!$B16,'Ambiguity Defects'!$G$3:$G$200,RAI!G$4)=0,0,1) -> 0 | H16: =IF(COUNTIFS('Ambiguity Defects'!$B$3:$B$200,RAI!$B16,'Ambiguity Defects'!$G$3:$G$200,RAI!H$4)=0,0,1) -> 1 | I16: =IF(COUNTIFS('Ambiguity Defects'!$B$3:$B$200,RAI!$B16,'Ambiguity Defects'!$G$3:$G$200,RAI!I$4)=0,0,1) -> 1 | J16: =SUMPRODUCT(F16:I16,$F$3:$I$3) -> 0.85
A17: 13 | B17: 3.9 - Auth.net Migration to Payment Platform | D17: Medium | E17: =IF(D17="High",1,IF(D17="Medium",0.5,IF(D17="Trivial",0.3,))) -> 0.5 | F17: =IF(COUNTIFS('Ambiguity Defects'!$B$3:$B$200,RAI!$B17,'Ambiguity Defects'!$G$3:$G$200,RAI!F$4)=0,0,1) -> 1 | G17: =IF(COUNTIFS('Ambiguity Defects'!$B$3:$B$200,RAI!$B17,'Ambiguity Defects'!$G$3:$G$200,RAI!G$4)=0,0,1) -> 0 | H17: =IF(COUNTIFS('Ambiguity Defects'!$B$3:$B$200,RAI!$B17,'Ambiguity Defects'!$G$3:$G$200,RAI!H$4)=0,0,1) -> 1 | I17: =IF(COUNTIFS('Ambiguity Defects'!$B$3:$B$200,RAI!$B17,'Ambiguity Defects'!$G$3:$G$200,RAI!I$4)=0,0,1) -> 1 | J17: =SUMPRODUCT(F17:I17,$F$3:$I$3) -> 0.85

Sheet Ambiguity Defects
A1: Defect Report
A2: Defect ID | B2: Requirement ID | C2: Feature ID / Name | D2: Sub Feature | E2: Ambiguity Description | F2: Design Area | G2: Quality Attribute | H2: Severity | I2: Status | J2: Date opened | K2: Corrective Response | L2: Resolution | M2: Date Closed | N2: Comments
A3: Defect 01 | B3: 3.1 - Credit Card Criteria | F3: Business Logic | G3: Clarity | H3: High | I3: Closed | J3: 43977 | M3: 43980
A4: Defect 02 | B4: 3.1 - Credit Card Criteria | F4: Functional | G4: Clarity | H4: High | I4: Closed | J4: 43977 | M4: 43980
A5: Defect 03 | B5: 3.1 - Credit Card Criteria | F5: Functional | G5: Testability | H5: High | I5: Open | J5: 43977
A6: Defect 04 | B6: 3.6 - Certification | F6: Functional | G6: Clarity | H6: Medium | I6: Open | J6: 43978
A7: Defect 05 | B7: 3.7 - Reporting | F7: Functional | G7: Completeness | H7: Critical | I7: Open | J7: 43977
A8: Defect 06 | B8: 3.9 - Auth.net Migration to Payment Platform | F8: Functional | G8: Completeness | H8: Medium | I8: Open | J8: 43977
A9: Defect 07 | B9: 3.3 - SPI Policy Admin Tool | F9: Business Logic | G9: Testability | H9: Medium | I9: Open | J9: 43977
A10: Defect 08 | B10: 3.3 - SPI Policy Admin Tool | F10: Business Logic | G10: Consistency | H10: High | I10: Open | J10: 43977
A11: Defect 09 | B11: 3.9 - Auth.net Migration to Payment Platform | F11: Validation Rules | G11: Clarity | H11: High | I11: Open | J11: 43977
A12: Defect 10 | B12: 3.9 - Auth.net Migration to Payment Platform | F12: Validation Rules | G12: Clarity | H12: Medium | I12: Open | J12: 43977
A13: Defect 11 | B13: 3.9 - Auth.net Migration to Payment Platform | F13: Validation Rules | G13: Testability | H13: Low | I13: Open | J13: 43977
A14: Defect 12 | B14: 3.9 - Auth.net Migration to Payment Platform | F14: Dependency | G14: Completeness | H14: Low | I14: Open | J14: 43977
A15: Defect 13 | B15: 3.9 - Auth.net Migration to Payment Platform | F15: Non-Functional | G15: Completeness | H15: Medium | I15: Open | J15: 43977

Sheet Guidelines
A1: Column Name | B1: Description
A2: Defect ID | B2: Serial number of the ambiguity ID
A3: Requirement ID | B3: Unique Identifier of a capability / feature
A4: Feature ID / Name | B4: Details on the Feature name / section of the documentation under which the issue was identified
A5: Sub Feature | B5: Details of the sub feature name in case of multiple features
A6: Ambiguity Description | B6: Description of the issue or defect raised
A7: Design Area | B7: Classification of the issue identified from a functional standpoint of the application
A8: Quality Attribute | B8: Quality attributes for the particular defect raised
A9: Severity | B9: Severity of the issue identified
A10: Status | B10: Status of the defect
A11: Date opened | B11: The date in which defect raised
A12: Corrective Response | B12: Response from the stakeholder
... A35: Rejected | B35: Issues//Defects that are rejected by the client

Sheet Revision History
A2: Version Number | B2: Release Date | C2: Prepared By | D2: Reviewed By | E2: Approved By | F2: Summary of Changes
A3: 1.0 | F3: Initial Version

Sheet Gauge_Prasad
K17: =RAI!G2 -> 0.34807692
G18: Donut | I18: Value | J18: =IF(ISERR(K17),0,IF(K17="NA",0,K17*100)) -> 34.807692 | L18: Angle | M18: X | N18: Y | P18: For Label | Q18: X | R18: Y | S18: R=1
G19: 5 | I19: Max | J19: 100 | M19: 0 | N19: 0 | P19: 0 | Q19: -1 | R19: 0
G20: 10 | I20: Min | J20: 0 | L20: =(J18 - J20) / (J19 - J20) * PI() -> 1.0935159 | M20: =-J21 * COS(L20) -> -0.43180331 | N20: =J21 * SIN(L20) -> 0.83495264 | P20: 10 | Q20: -0.95105652 | R20: 0.30901699
G21: 10 | I21: R | J21: 0.94 | P21: 20 | Q21: -0.80901699 | R21: 0.58778525
G22: 25 | P22: 30 | Q22: -0.58778525 | R22: 0.80901699
G23: 50 | P23: 40 | Q23: -0.30901699 | R23: 0.95105652
P24: 50 | Q24: -6.1257423e-17 | R24: 1
P25: 60 | Q25: 0.30901699 | R25: 0.95105652
P26: 70 | Q26: 0.58778525 | R26: 0.80901699
P27: 80 | Q27: 0.80901699 | R27: 0.58778525
P28: 90 | Q28: 0.95105652 | R28: 0.30901699
P29: 100 | Q29: 1 | R29: 1.2251485e-16
B222: Prasad
B223: Prasad | C223: Prasad | D223: Prasad | E223: Prasad | F223: Prasad | G223: Prasad | H223: Prasad | I223: Prasad | J223: Prasad | K223: Prasad | L223: Prasad | M223: Prasad | N223: Prasad | O223: Prasad | P223: Prasad | Q223: Prasad | R223: Prasad | S223: Prasad | T223: Prasad | U223: Prasad | V223: Prasad | W223: Prasad | X223: Prasad
B241: GAV
